email,password
mara.thiemann@example.com,princess
lena.campbell@example.com,booster
sedef.ozturk@example.com,kendall
janna.reetz@example.com,chelle
nurdan.koc@example.com,9999
anni.lahti@example.com,ontario
theodore.roberts@example.com,bbbbbb1
adna.dacruz@example.com,discover
erin.burton@example.com,11223344
isobel.walker@example.com,passwd
nicolas.giraud@example.com,mortgage
lubomir.polic@example.com,citadel
renee.meessen@example.com,bologna
bnymyn.nkwnzr@example.com,eskimo
willard.perez@example.com,gypsy
peter.smythe@example.com,smokes
romy.perrin@example.com,divine
margaux.robin@example.com,wildman
mathilda.ulset@example.com,hand
theo.masson@example.com,seadog
ralph.baker@example.com,donuts
vicki.foster@example.com,000007
jessica.martin@example.com,hidden
jesus.velasco@example.com,lovely
valentin.berger@example.com,1122
alan.mason@example.com,usmc
zoey.graham@example.com,hotone
leszek.giesecke@example.com,gordo
isla.aro@example.com,courtney
clara.mackay@example.com,abcd
emilie.pedersen@example.com,altoids
nelli.remes@example.com,colombia
besim.dasilva@example.com,whitey
helmi.lammi@example.com,streets
enya.nyseth@example.com,lololo
carlota.moura@example.com,blades
harper.tucker@example.com,artist
houdaifa.kralt@example.com,farley
bertram.thomsen@example.com,lady
rosa.moller@example.com,medusa
